--
-- PostgreSQL database dump
--

-- Dumped from database version 16.1
-- Dumped by pg_dump version 16.1

-- Started on 2024-05-19 19:47:54

SET statement_timeout = 0;
SET lock_timeout = 0;
SET idle_in_transaction_session_timeout = 0;
SET client_encoding = 'UTF8';
SET standard_conforming_strings = on;
SELECT pg_catalog.set_config('search_path', '', false);
SET check_function_bodies = false;
SET xmloption = content;
SET client_min_messages = warning;
SET row_security = off;

SET default_tablespace = '';

SET default_table_access_method = heap;

--
-- TOC entry 216 (class 1259 OID 16765)
-- Name: Aplicants; Type: TABLE; Schema: public; Owner: postgres
--

CREATE TABLE public."Aplicants" (
    applicant_id integer NOT NULL,
    first_name character varying NOT NULL,
    last_name character varying NOT NULL,
    email character varying NOT NULL,
    phone_number character varying NOT NULL
);


ALTER TABLE public."Aplicants" OWNER TO postgres;

--
-- TOC entry 215 (class 1259 OID 16764)
-- Name: Aplicants_aplicant_id_seq; Type: SEQUENCE; Schema: public; Owner: postgres
--

CREATE SEQUENCE public."Aplicants_aplicant_id_seq"
    AS integer
    START WITH 1
    INCREMENT BY 1
    NO MINVALUE
    NO MAXVALUE
    CACHE 1;


ALTER SEQUENCE public."Aplicants_aplicant_id_seq" OWNER TO postgres;

--
-- TOC entry 5070 (class 0 OID 0)
-- Dependencies: 215
-- Name: Aplicants_aplicant_id_seq; Type: SEQUENCE OWNED BY; Schema: public; Owner: postgres
--

ALTER SEQUENCE public."Aplicants_aplicant_id_seq" OWNED BY public."Aplicants".applicant_id;


--
-- TOC entry 228 (class 1259 OID 16827)
-- Name: ApplicantExperience; Type: TABLE; Schema: public; Owner: postgres
--

CREATE TABLE public."ApplicantExperience" (
    applicant_experience_id integer NOT NULL,
    applicant_id integer NOT NULL,
    experience_field_id integer NOT NULL,
    years_of_experience integer,
    company_id integer,
    position_id integer
);


ALTER TABLE public."ApplicantExperience" OWNER TO postgres;

--
-- TOC entry 227 (class 1259 OID 16826)
-- Name: ApplicantExperience_applicant_experience_id_seq; Type: SEQUENCE; Schema: public; Owner: postgres
--

CREATE SEQUENCE public."ApplicantExperience_applicant_experience_id_seq"
    AS integer
    START WITH 1
    INCREMENT BY 1
    NO MINVALUE
    NO MAXVALUE
    CACHE 1;


ALTER SEQUENCE public."ApplicantExperience_applicant_experience_id_seq" OWNER TO postgres;

--
-- TOC entry 5072 (class 0 OID 0)
-- Dependencies: 227
-- Name: ApplicantExperience_applicant_experience_id_seq; Type: SEQUENCE OWNED BY; Schema: public; Owner: postgres
--

ALTER SEQUENCE public."ApplicantExperience_applicant_experience_id_seq" OWNED BY public."ApplicantExperience".applicant_experience_id;


--
-- TOC entry 224 (class 1259 OID 16801)
-- Name: ApplicantSkills; Type: TABLE; Schema: public; Owner: postgres
--

CREATE TABLE public."ApplicantSkills" (
    applicant_skill_id integer NOT NULL,
    applicant_id integer NOT NULL,
    skill_id integer NOT NULL
);


ALTER TABLE public."ApplicantSkills" OWNER TO postgres;

--
-- TOC entry 222 (class 1259 OID 16792)
-- Name: Companies; Type: TABLE; Schema: public; Owner: postgres
--

CREATE TABLE public."Companies" (
    company_id integer NOT NULL,
    company_name character varying NOT NULL
);


ALTER TABLE public."Companies" OWNER TO postgres;

--
-- TOC entry 221 (class 1259 OID 16791)
-- Name: Companies_company_id_seq; Type: SEQUENCE; Schema: public; Owner: postgres
--

CREATE SEQUENCE public."Companies_company_id_seq"
    AS integer
    START WITH 1
    INCREMENT BY 1
    NO MINVALUE
    NO MAXVALUE
    CACHE 1;


ALTER SEQUENCE public."Companies_company_id_seq" OWNER TO postgres;

--
-- TOC entry 5075 (class 0 OID 0)
-- Dependencies: 221
-- Name: Companies_company_id_seq; Type: SEQUENCE OWNED BY; Schema: public; Owner: postgres
--

ALTER SEQUENCE public."Companies_company_id_seq" OWNED BY public."Companies".company_id;


--
-- TOC entry 220 (class 1259 OID 16783)
-- Name: ExperienceFields; Type: TABLE; Schema: public; Owner: postgres
--

CREATE TABLE public."ExperienceFields" (
    experience_field_id integer NOT NULL,
    field_name character varying NOT NULL
);


ALTER TABLE public."ExperienceFields" OWNER TO postgres;

--
-- TOC entry 219 (class 1259 OID 16782)
-- Name: ExperienceFields_experience_field_id_seq; Type: SEQUENCE; Schema: public; Owner: postgres
--

CREATE SEQUENCE public."ExperienceFields_experience_field_id_seq"
    AS integer
    START WITH 1
    INCREMENT BY 1
    NO MINVALUE
    NO MAXVALUE
    CACHE 1;


ALTER SEQUENCE public."ExperienceFields_experience_field_id_seq" OWNER TO postgres;

--
-- TOC entry 5077 (class 0 OID 0)
-- Dependencies: 219
-- Name: ExperienceFields_experience_field_id_seq; Type: SEQUENCE OWNED BY; Schema: public; Owner: postgres
--

ALTER SEQUENCE public."ExperienceFields_experience_field_id_seq" OWNED BY public."ExperienceFields".experience_field_id;


--
-- TOC entry 226 (class 1259 OID 16818)
-- Name: Positions; Type: TABLE; Schema: public; Owner: postgres
--

CREATE TABLE public."Positions" (
    position_id integer NOT NULL,
    position_name character varying NOT NULL
);


ALTER TABLE public."Positions" OWNER TO postgres;

--
-- TOC entry 223 (class 1259 OID 16800)
-- Name: Positions_applicant_skill_id_seq; Type: SEQUENCE; Schema: public; Owner: postgres
--

CREATE SEQUENCE public."Positions_applicant_skill_id_seq"
    AS integer
    START WITH 1
    INCREMENT BY 1
    NO MINVALUE
    NO MAXVALUE
    CACHE 1;


ALTER SEQUENCE public."Positions_applicant_skill_id_seq" OWNER TO postgres;

--
-- TOC entry 5079 (class 0 OID 0)
-- Dependencies: 223
-- Name: Positions_applicant_skill_id_seq; Type: SEQUENCE OWNED BY; Schema: public; Owner: postgres
--

ALTER SEQUENCE public."Positions_applicant_skill_id_seq" OWNED BY public."ApplicantSkills".applicant_skill_id;


--
-- TOC entry 225 (class 1259 OID 16817)
-- Name: Positions_position_id_seq; Type: SEQUENCE; Schema: public; Owner: postgres
--

CREATE SEQUENCE public."Positions_position_id_seq"
    AS integer
    START WITH 1
    INCREMENT BY 1
    NO MINVALUE
    NO MAXVALUE
    CACHE 1;


ALTER SEQUENCE public."Positions_position_id_seq" OWNER TO postgres;

--
-- TOC entry 5080 (class 0 OID 0)
-- Dependencies: 225
-- Name: Positions_position_id_seq; Type: SEQUENCE OWNED BY; Schema: public; Owner: postgres
--

ALTER SEQUENCE public."Positions_position_id_seq" OWNED BY public."Positions".position_id;


--
-- TOC entry 218 (class 1259 OID 16774)
-- Name: Skills; Type: TABLE; Schema: public; Owner: postgres
--

CREATE TABLE public."Skills" (
    skill_id integer NOT NULL,
    skill_name character varying NOT NULL
);


ALTER TABLE public."Skills" OWNER TO postgres;

--
-- TOC entry 217 (class 1259 OID 16773)
-- Name: Skills_skill_id_seq; Type: SEQUENCE; Schema: public; Owner: postgres
--

CREATE SEQUENCE public."Skills_skill_id_seq"
    AS integer
    START WITH 1
    INCREMENT BY 1
    NO MINVALUE
    NO MAXVALUE
    CACHE 1;


ALTER SEQUENCE public."Skills_skill_id_seq" OWNER TO postgres;

--
-- TOC entry 5082 (class 0 OID 0)
-- Dependencies: 217
-- Name: Skills_skill_id_seq; Type: SEQUENCE OWNED BY; Schema: public; Owner: postgres
--

ALTER SEQUENCE public."Skills_skill_id_seq" OWNED BY public."Skills".skill_id;


--
-- TOC entry 236 (class 1259 OID 16876)
-- Name: auth_group; Type: TABLE; Schema: public; Owner: postgres
--

CREATE TABLE public.auth_group (
    id integer NOT NULL,
    name character varying(150) NOT NULL
);


ALTER TABLE public.auth_group OWNER TO postgres;

--
-- TOC entry 235 (class 1259 OID 16875)
-- Name: auth_group_id_seq; Type: SEQUENCE; Schema: public; Owner: postgres
--

ALTER TABLE public.auth_group ALTER COLUMN id ADD GENERATED BY DEFAULT AS IDENTITY (
    SEQUENCE NAME public.auth_group_id_seq
    START WITH 1
    INCREMENT BY 1
    NO MINVALUE
    NO MAXVALUE
    CACHE 1
);


--
-- TOC entry 238 (class 1259 OID 16884)
-- Name: auth_group_permissions; Type: TABLE; Schema: public; Owner: postgres
--

CREATE TABLE public.auth_group_permissions (
    id bigint NOT NULL,
    group_id integer NOT NULL,
    permission_id integer NOT NULL
);


ALTER TABLE public.auth_group_permissions OWNER TO postgres;

--
-- TOC entry 237 (class 1259 OID 16883)
-- Name: auth_group_permissions_id_seq; Type: SEQUENCE; Schema: public; Owner: postgres
--

ALTER TABLE public.auth_group_permissions ALTER COLUMN id ADD GENERATED BY DEFAULT AS IDENTITY (
    SEQUENCE NAME public.auth_group_permissions_id_seq
    START WITH 1
    INCREMENT BY 1
    NO MINVALUE
    NO MAXVALUE
    CACHE 1
);


--
-- TOC entry 234 (class 1259 OID 16870)
-- Name: auth_permission; Type: TABLE; Schema: public; Owner: postgres
--

CREATE TABLE public.auth_permission (
    id integer NOT NULL,
    name character varying(255) NOT NULL,
    content_type_id integer NOT NULL,
    codename character varying(100) NOT NULL
);


ALTER TABLE public.auth_permission OWNER TO postgres;

--
-- TOC entry 233 (class 1259 OID 16869)
-- Name: auth_permission_id_seq; Type: SEQUENCE; Schema: public; Owner: postgres
--

ALTER TABLE public.auth_permission ALTER COLUMN id ADD GENERATED BY DEFAULT AS IDENTITY (
    SEQUENCE NAME public.auth_permission_id_seq
    START WITH 1
    INCREMENT BY 1
    NO MINVALUE
    NO MAXVALUE
    CACHE 1
);


--
-- TOC entry 240 (class 1259 OID 16890)
-- Name: auth_user; Type: TABLE; Schema: public; Owner: postgres
--

CREATE TABLE public.auth_user (
    id integer NOT NULL,
    password character varying(128) NOT NULL,
    last_login timestamp with time zone,
    is_superuser boolean NOT NULL,
    username character varying(150) NOT NULL,
    first_name character varying(150) NOT NULL,
    last_name character varying(150) NOT NULL,
    email character varying(254) NOT NULL,
    is_staff boolean NOT NULL,
    is_active boolean NOT NULL,
    date_joined timestamp with time zone NOT NULL
);


ALTER TABLE public.auth_user OWNER TO postgres;

--
-- TOC entry 242 (class 1259 OID 16898)
-- Name: auth_user_groups; Type: TABLE; Schema: public; Owner: postgres
--

CREATE TABLE public.auth_user_groups (
    id bigint NOT NULL,
    user_id integer NOT NULL,
    group_id integer NOT NULL
);


ALTER TABLE public.auth_user_groups OWNER TO postgres;

--
-- TOC entry 241 (class 1259 OID 16897)
-- Name: auth_user_groups_id_seq; Type: SEQUENCE; Schema: public; Owner: postgres
--

ALTER TABLE public.auth_user_groups ALTER COLUMN id ADD GENERATED BY DEFAULT AS IDENTITY (
    SEQUENCE NAME public.auth_user_groups_id_seq
    START WITH 1
    INCREMENT BY 1
    NO MINVALUE
    NO MAXVALUE
    CACHE 1
);


--
-- TOC entry 239 (class 1259 OID 16889)
-- Name: auth_user_id_seq; Type: SEQUENCE; Schema: public; Owner: postgres
--

ALTER TABLE public.auth_user ALTER COLUMN id ADD GENERATED BY DEFAULT AS IDENTITY (
    SEQUENCE NAME public.auth_user_id_seq
    START WITH 1
    INCREMENT BY 1
    NO MINVALUE
    NO MAXVALUE
    CACHE 1
);


--
-- TOC entry 244 (class 1259 OID 16904)
-- Name: auth_user_user_permissions; Type: TABLE; Schema: public; Owner: postgres
--

CREATE TABLE public.auth_user_user_permissions (
    id bigint NOT NULL,
    user_id integer NOT NULL,
    permission_id integer NOT NULL
);


ALTER TABLE public.auth_user_user_permissions OWNER TO postgres;

--
-- TOC entry 243 (class 1259 OID 16903)
-- Name: auth_user_user_permissions_id_seq; Type: SEQUENCE; Schema: public; Owner: postgres
--

ALTER TABLE public.auth_user_user_permissions ALTER COLUMN id ADD GENERATED BY DEFAULT AS IDENTITY (
    SEQUENCE NAME public.auth_user_user_permissions_id_seq
    START WITH 1
    INCREMENT BY 1
    NO MINVALUE
    NO MAXVALUE
    CACHE 1
);


--
-- TOC entry 246 (class 1259 OID 16962)
-- Name: django_admin_log; Type: TABLE; Schema: public; Owner: postgres
--

CREATE TABLE public.django_admin_log (
    id integer NOT NULL,
    action_time timestamp with time zone NOT NULL,
    object_id text,
    object_repr character varying(200) NOT NULL,
    action_flag smallint NOT NULL,
    change_message text NOT NULL,
    content_type_id integer,
    user_id integer NOT NULL,
    CONSTRAINT django_admin_log_action_flag_check CHECK ((action_flag >= 0))
);


ALTER TABLE public.django_admin_log OWNER TO postgres;

--
-- TOC entry 245 (class 1259 OID 16961)
-- Name: django_admin_log_id_seq; Type: SEQUENCE; Schema: public; Owner: postgres
--

ALTER TABLE public.django_admin_log ALTER COLUMN id ADD GENERATED BY DEFAULT AS IDENTITY (
    SEQUENCE NAME public.django_admin_log_id_seq
    START WITH 1
    INCREMENT BY 1
    NO MINVALUE
    NO MAXVALUE
    CACHE 1
);


--
-- TOC entry 232 (class 1259 OID 16862)
-- Name: django_content_type; Type: TABLE; Schema: public; Owner: postgres
--

CREATE TABLE public.django_content_type (
    id integer NOT NULL,
    app_label character varying(100) NOT NULL,
    model character varying(100) NOT NULL
);


ALTER TABLE public.django_content_type OWNER TO postgres;

--
-- TOC entry 231 (class 1259 OID 16861)
-- Name: django_content_type_id_seq; Type: SEQUENCE; Schema: public; Owner: postgres
--

ALTER TABLE public.django_content_type ALTER COLUMN id ADD GENERATED BY DEFAULT AS IDENTITY (
    SEQUENCE NAME public.django_content_type_id_seq
    START WITH 1
    INCREMENT BY 1
    NO MINVALUE
    NO MAXVALUE
    CACHE 1
);


--
-- TOC entry 230 (class 1259 OID 16854)
-- Name: django_migrations; Type: TABLE; Schema: public; Owner: postgres
--

CREATE TABLE public.django_migrations (
    id bigint NOT NULL,
    app character varying(255) NOT NULL,
    name character varying(255) NOT NULL,
    applied timestamp with time zone NOT NULL
);


ALTER TABLE public.django_migrations OWNER TO postgres;

--
-- TOC entry 229 (class 1259 OID 16853)
-- Name: django_migrations_id_seq; Type: SEQUENCE; Schema: public; Owner: postgres
--

ALTER TABLE public.django_migrations ALTER COLUMN id ADD GENERATED BY DEFAULT AS IDENTITY (
    SEQUENCE NAME public.django_migrations_id_seq
    START WITH 1
    INCREMENT BY 1
    NO MINVALUE
    NO MAXVALUE
    CACHE 1
);


--
-- TOC entry 247 (class 1259 OID 16990)
-- Name: django_session; Type: TABLE; Schema: public; Owner: postgres
--

CREATE TABLE public.django_session (
    session_key character varying(40) NOT NULL,
    session_data text NOT NULL,
    expire_date timestamp with time zone NOT NULL
);


ALTER TABLE public.django_session OWNER TO postgres;

--
-- TOC entry 249 (class 1259 OID 17001)
-- Name: graficacion_applicant; Type: TABLE; Schema: public; Owner: postgres
--

CREATE TABLE public.graficacion_applicant (
    applicant_id integer NOT NULL,
    first_name character varying(100) NOT NULL,
    last_name character varying(100) NOT NULL,
    email character varying(100) NOT NULL,
    phone_number character varying(20) NOT NULL
);


ALTER TABLE public.graficacion_applicant OWNER TO postgres;

--
-- TOC entry 248 (class 1259 OID 17000)
-- Name: graficacion_applicant_applicant_id_seq; Type: SEQUENCE; Schema: public; Owner: postgres
--

ALTER TABLE public.graficacion_applicant ALTER COLUMN applicant_id ADD GENERATED BY DEFAULT AS IDENTITY (
    SEQUENCE NAME public.graficacion_applicant_applicant_id_seq
    START WITH 1
    INCREMENT BY 1
    NO MINVALUE
    NO MAXVALUE
    CACHE 1
);


--
-- TOC entry 261 (class 1259 OID 17047)
-- Name: graficacion_applicantexperience; Type: TABLE; Schema: public; Owner: postgres
--

CREATE TABLE public.graficacion_applicantexperience (
    applicant_experience_id integer NOT NULL,
    years_of_experience integer NOT NULL,
    applicant_id integer NOT NULL,
    company_id integer NOT NULL,
    experience_field_id integer NOT NULL,
    position_id integer NOT NULL
);


ALTER TABLE public.graficacion_applicantexperience OWNER TO postgres;

--
-- TOC entry 260 (class 1259 OID 17046)
-- Name: graficacion_applicantexperience_applicant_experience_id_seq; Type: SEQUENCE; Schema: public; Owner: postgres
--

ALTER TABLE public.graficacion_applicantexperience ALTER COLUMN applicant_experience_id ADD GENERATED BY DEFAULT AS IDENTITY (
    SEQUENCE NAME public.graficacion_applicantexperience_applicant_experience_id_seq
    START WITH 1
    INCREMENT BY 1
    NO MINVALUE
    NO MAXVALUE
    CACHE 1
);


--
-- TOC entry 259 (class 1259 OID 17041)
-- Name: graficacion_applicantskill; Type: TABLE; Schema: public; Owner: postgres
--

CREATE TABLE public.graficacion_applicantskill (
    applicant_skill_id integer NOT NULL,
    applicant_id integer NOT NULL,
    skill_id integer NOT NULL
);


ALTER TABLE public.graficacion_applicantskill OWNER TO postgres;

--
-- TOC entry 258 (class 1259 OID 17040)
-- Name: graficacion_applicantskill_applicant_skill_id_seq; Type: SEQUENCE; Schema: public; Owner: postgres
--

ALTER TABLE public.graficacion_applicantskill ALTER COLUMN applicant_skill_id ADD GENERATED BY DEFAULT AS IDENTITY (
    SEQUENCE NAME public.graficacion_applicantskill_applicant_skill_id_seq
    START WITH 1
    INCREMENT BY 1
    NO MINVALUE
    NO MAXVALUE
    CACHE 1
);


--
-- TOC entry 251 (class 1259 OID 17009)
-- Name: graficacion_company; Type: TABLE; Schema: public; Owner: postgres
--

CREATE TABLE public.graficacion_company (
    company_id integer NOT NULL,
    company_name character varying(100) NOT NULL
);


ALTER TABLE public.graficacion_company OWNER TO postgres;

--
-- TOC entry 250 (class 1259 OID 17008)
-- Name: graficacion_company_company_id_seq; Type: SEQUENCE; Schema: public; Owner: postgres
--

ALTER TABLE public.graficacion_company ALTER COLUMN company_id ADD GENERATED BY DEFAULT AS IDENTITY (
    SEQUENCE NAME public.graficacion_company_company_id_seq
    START WITH 1
    INCREMENT BY 1
    NO MINVALUE
    NO MAXVALUE
    CACHE 1
);


--
-- TOC entry 253 (class 1259 OID 17017)
-- Name: graficacion_experiencefield; Type: TABLE; Schema: public; Owner: postgres
--

CREATE TABLE public.graficacion_experiencefield (
    experience_field_id integer NOT NULL,
    field_name character varying(100) NOT NULL
);


ALTER TABLE public.graficacion_experiencefield OWNER TO postgres;

--
-- TOC entry 252 (class 1259 OID 17016)
-- Name: graficacion_experiencefield_experience_field_id_seq; Type: SEQUENCE; Schema: public; Owner: postgres
--

ALTER TABLE public.graficacion_experiencefield ALTER COLUMN experience_field_id ADD GENERATED BY DEFAULT AS IDENTITY (
    SEQUENCE NAME public.graficacion_experiencefield_experience_field_id_seq
    START WITH 1
    INCREMENT BY 1
    NO MINVALUE
    NO MAXVALUE
    CACHE 1
);


--
-- TOC entry 255 (class 1259 OID 17025)
-- Name: graficacion_position; Type: TABLE; Schema: public; Owner: postgres
--

CREATE TABLE public.graficacion_position (
    position_id integer NOT NULL,
    position_name character varying(100) NOT NULL
);


ALTER TABLE public.graficacion_position OWNER TO postgres;

--
-- TOC entry 254 (class 1259 OID 17024)
-- Name: graficacion_position_position_id_seq; Type: SEQUENCE; Schema: public; Owner: postgres
--

ALTER TABLE public.graficacion_position ALTER COLUMN position_id ADD GENERATED BY DEFAULT AS IDENTITY (
    SEQUENCE NAME public.graficacion_position_position_id_seq
    START WITH 1
    INCREMENT BY 1
    NO MINVALUE
    NO MAXVALUE
    CACHE 1
);


--
-- TOC entry 257 (class 1259 OID 17033)
-- Name: graficacion_skill; Type: TABLE; Schema: public; Owner: postgres
--

CREATE TABLE public.graficacion_skill (
    skill_id integer NOT NULL,
    skill_name character varying(100) NOT NULL
);


ALTER TABLE public.graficacion_skill OWNER TO postgres;

--
-- TOC entry 256 (class 1259 OID 17032)
-- Name: graficacion_skill_skill_id_seq; Type: SEQUENCE; Schema: public; Owner: postgres
--

ALTER TABLE public.graficacion_skill ALTER COLUMN skill_id ADD GENERATED BY DEFAULT AS IDENTITY (
    SEQUENCE NAME public.graficacion_skill_skill_id_seq
    START WITH 1
    INCREMENT BY 1
    NO MINVALUE
    NO MAXVALUE
    CACHE 1
);


--
-- TOC entry 4749 (class 2604 OID 16768)
-- Name: Aplicants applicant_id; Type: DEFAULT; Schema: public; Owner: postgres
--

ALTER TABLE ONLY public."Aplicants" ALTER COLUMN applicant_id SET DEFAULT nextval('public."Aplicants_aplicant_id_seq"'::regclass);


--
-- TOC entry 4755 (class 2604 OID 16830)
-- Name: ApplicantExperience applicant_experience_id; Type: DEFAULT; Schema: public; Owner: postgres
--

ALTER TABLE ONLY public."ApplicantExperience" ALTER COLUMN applicant_experience_id SET DEFAULT nextval('public."ApplicantExperience_applicant_experience_id_seq"'::regclass);


--
-- TOC entry 4753 (class 2604 OID 16804)
-- Name: ApplicantSkills applicant_skill_id; Type: DEFAULT; Schema: public; Owner: postgres
--

ALTER TABLE ONLY public."ApplicantSkills" ALTER COLUMN applicant_skill_id SET DEFAULT nextval('public."Positions_applicant_skill_id_seq"'::regclass);


--
-- TOC entry 4752 (class 2604 OID 16795)
-- Name: Companies company_id; Type: DEFAULT; Schema: public; Owner: postgres
--

ALTER TABLE ONLY public."Companies" ALTER COLUMN company_id SET DEFAULT nextval('public."Companies_company_id_seq"'::regclass);


--
-- TOC entry 4751 (class 2604 OID 16786)
-- Name: ExperienceFields experience_field_id; Type: DEFAULT; Schema: public; Owner: postgres
--

ALTER TABLE ONLY public."ExperienceFields" ALTER COLUMN experience_field_id SET DEFAULT nextval('public."ExperienceFields_experience_field_id_seq"'::regclass);


--
-- TOC entry 4754 (class 2604 OID 16821)
-- Name: Positions position_id; Type: DEFAULT; Schema: public; Owner: postgres
--

ALTER TABLE ONLY public."Positions" ALTER COLUMN position_id SET DEFAULT nextval('public."Positions_position_id_seq"'::regclass);


--
-- TOC entry 4750 (class 2604 OID 16777)
-- Name: Skills skill_id; Type: DEFAULT; Schema: public; Owner: postgres
--

ALTER TABLE ONLY public."Skills" ALTER COLUMN skill_id SET DEFAULT nextval('public."Skills_skill_id_seq"'::regclass);


--
-- TOC entry 5018 (class 0 OID 16765)
-- Dependencies: 216
-- Data for Name: Aplicants; Type: TABLE DATA; Schema: public; Owner: postgres
--

COPY public."Aplicants" (applicant_id, first_name, last_name, email, phone_number) FROM stdin;
\.


--
-- TOC entry 5030 (class 0 OID 16827)
-- Dependencies: 228
-- Data for Name: ApplicantExperience; Type: TABLE DATA; Schema: public; Owner: postgres
--

COPY public."ApplicantExperience" (applicant_experience_id, applicant_id, experience_field_id, years_of_experience, company_id, position_id) FROM stdin;
\.


--
-- TOC entry 5026 (class 0 OID 16801)
-- Dependencies: 224
-- Data for Name: ApplicantSkills; Type: TABLE DATA; Schema: public; Owner: postgres
--

COPY public."ApplicantSkills" (applicant_skill_id, applicant_id, skill_id) FROM stdin;
\.


--
-- TOC entry 5024 (class 0 OID 16792)
-- Dependencies: 222
-- Data for Name: Companies; Type: TABLE DATA; Schema: public; Owner: postgres
--

COPY public."Companies" (company_id, company_name) FROM stdin;
\.


--
-- TOC entry 5022 (class 0 OID 16783)
-- Dependencies: 220
-- Data for Name: ExperienceFields; Type: TABLE DATA; Schema: public; Owner: postgres
--

COPY public."ExperienceFields" (experience_field_id, field_name) FROM stdin;
\.


--
-- TOC entry 5028 (class 0 OID 16818)
-- Dependencies: 226
-- Data for Name: Positions; Type: TABLE DATA; Schema: public; Owner: postgres
--

COPY public."Positions" (position_id, position_name) FROM stdin;
\.


--
-- TOC entry 5020 (class 0 OID 16774)
-- Dependencies: 218
-- Data for Name: Skills; Type: TABLE DATA; Schema: public; Owner: postgres
--

COPY public."Skills" (skill_id, skill_name) FROM stdin;
\.


--
-- TOC entry 5038 (class 0 OID 16876)
-- Dependencies: 236
-- Data for Name: auth_group; Type: TABLE DATA; Schema: public; Owner: postgres
--

COPY public.auth_group (id, name) FROM stdin;
\.


--
-- TOC entry 5040 (class 0 OID 16884)
-- Dependencies: 238
-- Data for Name: auth_group_permissions; Type: TABLE DATA; Schema: public; Owner: postgres
--

COPY public.auth_group_permissions (id, group_id, permission_id) FROM stdin;
\.


--
-- TOC entry 5036 (class 0 OID 16870)
-- Dependencies: 234
-- Data for Name: auth_permission; Type: TABLE DATA; Schema: public; Owner: postgres
--

COPY public.auth_permission (id, name, content_type_id, codename) FROM stdin;
1	Can add log entry	1	add_logentry
2	Can change log entry	1	change_logentry
3	Can delete log entry	1	delete_logentry
4	Can view log entry	1	view_logentry
5	Can add permission	2	add_permission
6	Can change permission	2	change_permission
7	Can delete permission	2	delete_permission
8	Can view permission	2	view_permission
9	Can add group	3	add_group
10	Can change group	3	change_group
11	Can delete group	3	delete_group
12	Can view group	3	view_group
13	Can add user	4	add_user
14	Can change user	4	change_user
15	Can delete user	4	delete_user
16	Can view user	4	view_user
17	Can add content type	5	add_contenttype
18	Can change content type	5	change_contenttype
19	Can delete content type	5	delete_contenttype
20	Can view content type	5	view_contenttype
21	Can add session	6	add_session
22	Can change session	6	change_session
23	Can delete session	6	delete_session
24	Can view session	6	view_session
\.


--
-- TOC entry 5042 (class 0 OID 16890)
-- Dependencies: 240
-- Data for Name: auth_user; Type: TABLE DATA; Schema: public; Owner: postgres
--

COPY public.auth_user (id, password, last_login, is_superuser, username, first_name, last_name, email, is_staff, is_active, date_joined) FROM stdin;
1	pbkdf2_sha256$390000$8IIxXIv2UMv7rB07uynELL$iZn8kWSHKWyrtOMSNFU1uL9+QK/IaTFfFw8VWc1RctA=	2024-05-19 17:52:31.883958-05	t	admin1			pamoreno1221@gmail.com	t	t	2024-05-19 17:51:20.144525-05
\.


--
-- TOC entry 5044 (class 0 OID 16898)
-- Dependencies: 242
-- Data for Name: auth_user_groups; Type: TABLE DATA; Schema: public; Owner: postgres
--

COPY public.auth_user_groups (id, user_id, group_id) FROM stdin;
\.


--
-- TOC entry 5046 (class 0 OID 16904)
-- Dependencies: 244
-- Data for Name: auth_user_user_permissions; Type: TABLE DATA; Schema: public; Owner: postgres
--

COPY public.auth_user_user_permissions (id, user_id, permission_id) FROM stdin;
\.


--
-- TOC entry 5048 (class 0 OID 16962)
-- Dependencies: 246
-- Data for Name: django_admin_log; Type: TABLE DATA; Schema: public; Owner: postgres
--

COPY public.django_admin_log (id, action_time, object_id, object_repr, action_flag, change_message, content_type_id, user_id) FROM stdin;
\.


--
-- TOC entry 5034 (class 0 OID 16862)
-- Dependencies: 232
-- Data for Name: django_content_type; Type: TABLE DATA; Schema: public; Owner: postgres
--

COPY public.django_content_type (id, app_label, model) FROM stdin;
1	admin	logentry
2	auth	permission
3	auth	group
4	auth	user
5	contenttypes	contenttype
6	sessions	session
7	graficacion	applicantexperience
\.


--
-- TOC entry 5032 (class 0 OID 16854)
-- Dependencies: 230
-- Data for Name: django_migrations; Type: TABLE DATA; Schema: public; Owner: postgres
--

COPY public.django_migrations (id, app, name, applied) FROM stdin;
1	contenttypes	0001_initial	2024-05-18 22:12:21.188581-05
2	auth	0001_initial	2024-05-18 22:12:21.391145-05
3	admin	0001_initial	2024-05-18 22:12:21.444548-05
4	admin	0002_logentry_remove_auto_add	2024-05-18 22:12:21.444548-05
5	admin	0003_logentry_add_action_flag_choices	2024-05-18 22:12:21.460193-05
6	contenttypes	0002_remove_content_type_name	2024-05-18 22:12:21.491426-05
7	auth	0002_alter_permission_name_max_length	2024-05-18 22:12:21.512987-05
8	auth	0003_alter_user_email_max_length	2024-05-18 22:12:21.529156-05
9	auth	0004_alter_user_username_opts	2024-05-18 22:12:21.544805-05
10	auth	0005_alter_user_last_login_null	2024-05-18 22:12:21.560437-05
11	auth	0006_require_contenttypes_0002	2024-05-18 22:12:21.560437-05
12	auth	0007_alter_validators_add_error_messages	2024-05-18 22:12:21.576045-05
13	auth	0008_alter_user_username_max_length	2024-05-18 22:12:21.607295-05
14	auth	0009_alter_user_last_name_max_length	2024-05-18 22:12:21.622941-05
15	auth	0010_alter_group_name_max_length	2024-05-18 22:12:21.629451-05
16	auth	0011_update_proxy_permissions	2024-05-18 22:12:21.645089-05
17	auth	0012_alter_user_first_name_max_length	2024-05-18 22:12:21.660729-05
18	sessions	0001_initial	2024-05-18 22:12:21.691967-05
19	graficacion	0001_initial	2024-05-19 17:59:46.945112-05
\.


--
-- TOC entry 5049 (class 0 OID 16990)
-- Dependencies: 247
-- Data for Name: django_session; Type: TABLE DATA; Schema: public; Owner: postgres
--

COPY public.django_session (session_key, session_data, expire_date) FROM stdin;
eib1cysbvr32gh8hu05sxzadlo0ln89h	.eJxVjDsOwjAQBe_iGlmxE_8o6TmDtetd4wCypTipEHeHSCmgfTPzXiLCtpa4dV7iTOIslDj9bgjpwXUHdId6azK1ui4zyl2RB-3y2oifl8P9OyjQy7cenM0TKB4ZdEYb2I8mGTY6q0DOYUYEThN4rxSqwZpADAjekgakMYn3BwDuORk:1s8pOJ:vi_z8yRmeUMt8JGyEImXDCtEgXRkxGc6DIA8KFJhcp0	2024-06-02 17:52:31.883958-05
\.


--
-- TOC entry 5051 (class 0 OID 17001)
-- Dependencies: 249
-- Data for Name: graficacion_applicant; Type: TABLE DATA; Schema: public; Owner: postgres
--

COPY public.graficacion_applicant (applicant_id, first_name, last_name, email, phone_number) FROM stdin;
1	pablo	moreno	pablomoreno@algo.com	123123123123
\.


--
-- TOC entry 5063 (class 0 OID 17047)
-- Dependencies: 261
-- Data for Name: graficacion_applicantexperience; Type: TABLE DATA; Schema: public; Owner: postgres
--

COPY public.graficacion_applicantexperience (applicant_experience_id, years_of_experience, applicant_id, company_id, experience_field_id, position_id) FROM stdin;
\.


--
-- TOC entry 5061 (class 0 OID 17041)
-- Dependencies: 259
-- Data for Name: graficacion_applicantskill; Type: TABLE DATA; Schema: public; Owner: postgres
--

COPY public.graficacion_applicantskill (applicant_skill_id, applicant_id, skill_id) FROM stdin;
\.


--
-- TOC entry 5053 (class 0 OID 17009)
-- Dependencies: 251
-- Data for Name: graficacion_company; Type: TABLE DATA; Schema: public; Owner: postgres
--

COPY public.graficacion_company (company_id, company_name) FROM stdin;
\.


--
-- TOC entry 5055 (class 0 OID 17017)
-- Dependencies: 253
-- Data for Name: graficacion_experiencefield; Type: TABLE DATA; Schema: public; Owner: postgres
--

COPY public.graficacion_experiencefield (experience_field_id, field_name) FROM stdin;
\.


--
-- TOC entry 5057 (class 0 OID 17025)
-- Dependencies: 255
-- Data for Name: graficacion_position; Type: TABLE DATA; Schema: public; Owner: postgres
--

COPY public.graficacion_position (position_id, position_name) FROM stdin;
\.


--
-- TOC entry 5059 (class 0 OID 17033)
-- Dependencies: 257
-- Data for Name: graficacion_skill; Type: TABLE DATA; Schema: public; Owner: postgres
--

COPY public.graficacion_skill (skill_id, skill_name) FROM stdin;
\.


--
-- TOC entry 5100 (class 0 OID 0)
-- Dependencies: 215
-- Name: Aplicants_aplicant_id_seq; Type: SEQUENCE SET; Schema: public; Owner: postgres
--

SELECT pg_catalog.setval('public."Aplicants_aplicant_id_seq"', 1, false);


--
-- TOC entry 5101 (class 0 OID 0)
-- Dependencies: 227
-- Name: ApplicantExperience_applicant_experience_id_seq; Type: SEQUENCE SET; Schema: public; Owner: postgres
--

SELECT pg_catalog.setval('public."ApplicantExperience_applicant_experience_id_seq"', 1, false);


--
-- TOC entry 5102 (class 0 OID 0)
-- Dependencies: 221
-- Name: Companies_company_id_seq; Type: SEQUENCE SET; Schema: public; Owner: postgres
--

SELECT pg_catalog.setval('public."Companies_company_id_seq"', 1, false);


--
-- TOC entry 5103 (class 0 OID 0)
-- Dependencies: 219
-- Name: ExperienceFields_experience_field_id_seq; Type: SEQUENCE SET; Schema: public; Owner: postgres
--

SELECT pg_catalog.setval('public."ExperienceFields_experience_field_id_seq"', 1, false);


--
-- TOC entry 5104 (class 0 OID 0)
-- Dependencies: 223
-- Name: Positions_applicant_skill_id_seq; Type: SEQUENCE SET; Schema: public; Owner: postgres
--

SELECT pg_catalog.setval('public."Positions_applicant_skill_id_seq"', 1, false);


--
-- TOC entry 5105 (class 0 OID 0)
-- Dependencies: 225
-- Name: Positions_position_id_seq; Type: SEQUENCE SET; Schema: public; Owner: postgres
--

SELECT pg_catalog.setval('public."Positions_position_id_seq"', 1, false);


--
-- TOC entry 5106 (class 0 OID 0)
-- Dependencies: 217
-- Name: Skills_skill_id_seq; Type: SEQUENCE SET; Schema: public; Owner: postgres
--

SELECT pg_catalog.setval('public."Skills_skill_id_seq"', 1, false);


--
-- TOC entry 5107 (class 0 OID 0)
-- Dependencies: 235
-- Name: auth_group_id_seq; Type: SEQUENCE SET; Schema: public; Owner: postgres
--

SELECT pg_catalog.setval('public.auth_group_id_seq', 1, false);


--
-- TOC entry 5108 (class 0 OID 0)
-- Dependencies: 237
-- Name: auth_group_permissions_id_seq; Type: SEQUENCE SET; Schema: public; Owner: postgres
--

SELECT pg_catalog.setval('public.auth_group_permissions_id_seq', 1, false);


--
-- TOC entry 5109 (class 0 OID 0)
-- Dependencies: 233
-- Name: auth_permission_id_seq; Type: SEQUENCE SET; Schema: public; Owner: postgres
--

SELECT pg_catalog.setval('public.auth_permission_id_seq', 24, true);


--
-- TOC entry 5110 (class 0 OID 0)
-- Dependencies: 241
-- Name: auth_user_groups_id_seq; Type: SEQUENCE SET; Schema: public; Owner: postgres
--

SELECT pg_catalog.setval('public.auth_user_groups_id_seq', 1, false);


--
-- TOC entry 5111 (class 0 OID 0)
-- Dependencies: 239
-- Name: auth_user_id_seq; Type: SEQUENCE SET; Schema: public; Owner: postgres
--

SELECT pg_catalog.setval('public.auth_user_id_seq', 1, true);


--
-- TOC entry 5112 (class 0 OID 0)
-- Dependencies: 243
-- Name: auth_user_user_permissions_id_seq; Type: SEQUENCE SET; Schema: public; Owner: postgres
--

SELECT pg_catalog.setval('public.auth_user_user_permissions_id_seq', 1, false);


--
-- TOC entry 5113 (class 0 OID 0)
-- Dependencies: 245
-- Name: django_admin_log_id_seq; Type: SEQUENCE SET; Schema: public; Owner: postgres
--

SELECT pg_catalog.setval('public.django_admin_log_id_seq', 1, false);


--
-- TOC entry 5114 (class 0 OID 0)
-- Dependencies: 231
-- Name: django_content_type_id_seq; Type: SEQUENCE SET; Schema: public; Owner: postgres
--

SELECT pg_catalog.setval('public.django_content_type_id_seq', 7, true);


--
-- TOC entry 5115 (class 0 OID 0)
-- Dependencies: 229
-- Name: django_migrations_id_seq; Type: SEQUENCE SET; Schema: public; Owner: postgres
--

SELECT pg_catalog.setval('public.django_migrations_id_seq', 19, true);


--
-- TOC entry 5116 (class 0 OID 0)
-- Dependencies: 248
-- Name: graficacion_applicant_applicant_id_seq; Type: SEQUENCE SET; Schema: public; Owner: postgres
--

SELECT pg_catalog.setval('public.graficacion_applicant_applicant_id_seq', 1, true);


--
-- TOC entry 5117 (class 0 OID 0)
-- Dependencies: 260
-- Name: graficacion_applicantexperience_applicant_experience_id_seq; Type: SEQUENCE SET; Schema: public; Owner: postgres
--

SELECT pg_catalog.setval('public.graficacion_applicantexperience_applicant_experience_id_seq', 1, false);


--
-- TOC entry 5118 (class 0 OID 0)
-- Dependencies: 258
-- Name: graficacion_applicantskill_applicant_skill_id_seq; Type: SEQUENCE SET; Schema: public; Owner: postgres
--

SELECT pg_catalog.setval('public.graficacion_applicantskill_applicant_skill_id_seq', 1, false);


--
-- TOC entry 5119 (class 0 OID 0)
-- Dependencies: 250
-- Name: graficacion_company_company_id_seq; Type: SEQUENCE SET; Schema: public; Owner: postgres
--

SELECT pg_catalog.setval('public.graficacion_company_company_id_seq', 1, false);


--
-- TOC entry 5120 (class 0 OID 0)
-- Dependencies: 252
-- Name: graficacion_experiencefield_experience_field_id_seq; Type: SEQUENCE SET; Schema: public; Owner: postgres
--

SELECT pg_catalog.setval('public.graficacion_experiencefield_experience_field_id_seq', 1, false);


--
-- TOC entry 5121 (class 0 OID 0)
-- Dependencies: 254
-- Name: graficacion_position_position_id_seq; Type: SEQUENCE SET; Schema: public; Owner: postgres
--

SELECT pg_catalog.setval('public.graficacion_position_position_id_seq', 1, false);


--
-- TOC entry 5122 (class 0 OID 0)
-- Dependencies: 256
-- Name: graficacion_skill_skill_id_seq; Type: SEQUENCE SET; Schema: public; Owner: postgres
--

SELECT pg_catalog.setval('public.graficacion_skill_skill_id_seq', 1, false);


--
-- TOC entry 4758 (class 2606 OID 16772)
-- Name: Aplicants Aplicants_pkey; Type: CONSTRAINT; Schema: public; Owner: postgres
--

ALTER TABLE ONLY public."Aplicants"
    ADD CONSTRAINT "Aplicants_pkey" PRIMARY KEY (applicant_id);


--
-- TOC entry 4770 (class 2606 OID 16832)
-- Name: ApplicantExperience ApplicantExperience_pkey; Type: CONSTRAINT; Schema: public; Owner: postgres
--

ALTER TABLE ONLY public."ApplicantExperience"
    ADD CONSTRAINT "ApplicantExperience_pkey" PRIMARY KEY (applicant_experience_id);


--
-- TOC entry 4764 (class 2606 OID 16799)
-- Name: Companies Companies_pkey; Type: CONSTRAINT; Schema: public; Owner: postgres
--

ALTER TABLE ONLY public."Companies"
    ADD CONSTRAINT "Companies_pkey" PRIMARY KEY (company_id);


--
-- TOC entry 4762 (class 2606 OID 16790)
-- Name: ExperienceFields ExperienceFields_pkey; Type: CONSTRAINT; Schema: public; Owner: postgres
--

ALTER TABLE ONLY public."ExperienceFields"
    ADD CONSTRAINT "ExperienceFields_pkey" PRIMARY KEY (experience_field_id);


--
-- TOC entry 4766 (class 2606 OID 16806)
-- Name: ApplicantSkills Positions_pkey; Type: CONSTRAINT; Schema: public; Owner: postgres
--

ALTER TABLE ONLY public."ApplicantSkills"
    ADD CONSTRAINT "Positions_pkey" PRIMARY KEY (applicant_skill_id);


--
-- TOC entry 4768 (class 2606 OID 16825)
-- Name: Positions Positions_pkey1; Type: CONSTRAINT; Schema: public; Owner: postgres
--

ALTER TABLE ONLY public."Positions"
    ADD CONSTRAINT "Positions_pkey1" PRIMARY KEY (position_id);


--
-- TOC entry 4760 (class 2606 OID 16781)
-- Name: Skills Skills_pkey; Type: CONSTRAINT; Schema: public; Owner: postgres
--

ALTER TABLE ONLY public."Skills"
    ADD CONSTRAINT "Skills_pkey" PRIMARY KEY (skill_id);


--
-- TOC entry 4784 (class 2606 OID 16988)
-- Name: auth_group auth_group_name_key; Type: CONSTRAINT; Schema: public; Owner: postgres
--

ALTER TABLE ONLY public.auth_group
    ADD CONSTRAINT auth_group_name_key UNIQUE (name);


--
-- TOC entry 4789 (class 2606 OID 16919)
-- Name: auth_group_permissions auth_group_permissions_group_id_permission_id_0cd325b0_uniq; Type: CONSTRAINT; Schema: public; Owner: postgres
--

ALTER TABLE ONLY public.auth_group_permissions
    ADD CONSTRAINT auth_group_permissions_group_id_permission_id_0cd325b0_uniq UNIQUE (group_id, permission_id);


--
-- TOC entry 4792 (class 2606 OID 16888)
-- Name: auth_group_permissions auth_group_permissions_pkey; Type: CONSTRAINT; Schema: public; Owner: postgres
--

ALTER TABLE ONLY public.auth_group_permissions
    ADD CONSTRAINT auth_group_permissions_pkey PRIMARY KEY (id);


--
-- TOC entry 4786 (class 2606 OID 16880)
-- Name: auth_group auth_group_pkey; Type: CONSTRAINT; Schema: public; Owner: postgres
--

ALTER TABLE ONLY public.auth_group
    ADD CONSTRAINT auth_group_pkey PRIMARY KEY (id);


--
-- TOC entry 4779 (class 2606 OID 16910)
-- Name: auth_permission auth_permission_content_type_id_codename_01ab375a_uniq; Type: CONSTRAINT; Schema: public; Owner: postgres
--

ALTER TABLE ONLY public.auth_permission
    ADD CONSTRAINT auth_permission_content_type_id_codename_01ab375a_uniq UNIQUE (content_type_id, codename);


--
-- TOC entry 4781 (class 2606 OID 16874)
-- Name: auth_permission auth_permission_pkey; Type: CONSTRAINT; Schema: public; Owner: postgres
--

ALTER TABLE ONLY public.auth_permission
    ADD CONSTRAINT auth_permission_pkey PRIMARY KEY (id);


--
-- TOC entry 4800 (class 2606 OID 16902)
-- Name: auth_user_groups auth_user_groups_pkey; Type: CONSTRAINT; Schema: public; Owner: postgres
--

ALTER TABLE ONLY public.auth_user_groups
    ADD CONSTRAINT auth_user_groups_pkey PRIMARY KEY (id);


--
-- TOC entry 4803 (class 2606 OID 16934)
-- Name: auth_user_groups auth_user_groups_user_id_group_id_94350c0c_uniq; Type: CONSTRAINT; Schema: public; Owner: postgres
--

ALTER TABLE ONLY public.auth_user_groups
    ADD CONSTRAINT auth_user_groups_user_id_group_id_94350c0c_uniq UNIQUE (user_id, group_id);


--
-- TOC entry 4794 (class 2606 OID 16894)
-- Name: auth_user auth_user_pkey; Type: CONSTRAINT; Schema: public; Owner: postgres
--

ALTER TABLE ONLY public.auth_user
    ADD CONSTRAINT auth_user_pkey PRIMARY KEY (id);


--
-- TOC entry 4806 (class 2606 OID 16908)
-- Name: auth_user_user_permissions auth_user_user_permissions_pkey; Type: CONSTRAINT; Schema: public; Owner: postgres
--

ALTER TABLE ONLY public.auth_user_user_permissions
    ADD CONSTRAINT auth_user_user_permissions_pkey PRIMARY KEY (id);


--
-- TOC entry 4809 (class 2606 OID 16948)
-- Name: auth_user_user_permissions auth_user_user_permissions_user_id_permission_id_14a6b632_uniq; Type: CONSTRAINT; Schema: public; Owner: postgres
--

ALTER TABLE ONLY public.auth_user_user_permissions
    ADD CONSTRAINT auth_user_user_permissions_user_id_permission_id_14a6b632_uniq UNIQUE (user_id, permission_id);


--
-- TOC entry 4797 (class 2606 OID 16983)
-- Name: auth_user auth_user_username_key; Type: CONSTRAINT; Schema: public; Owner: postgres
--

ALTER TABLE ONLY public.auth_user
    ADD CONSTRAINT auth_user_username_key UNIQUE (username);


--
-- TOC entry 4812 (class 2606 OID 16969)
-- Name: django_admin_log django_admin_log_pkey; Type: CONSTRAINT; Schema: public; Owner: postgres
--

ALTER TABLE ONLY public.django_admin_log
    ADD CONSTRAINT django_admin_log_pkey PRIMARY KEY (id);


--
-- TOC entry 4774 (class 2606 OID 16868)
-- Name: django_content_type django_content_type_app_label_model_76bd3d3b_uniq; Type: CONSTRAINT; Schema: public; Owner: postgres
--

ALTER TABLE ONLY public.django_content_type
    ADD CONSTRAINT django_content_type_app_label_model_76bd3d3b_uniq UNIQUE (app_label, model);


--
-- TOC entry 4776 (class 2606 OID 16866)
-- Name: django_content_type django_content_type_pkey; Type: CONSTRAINT; Schema: public; Owner: postgres
--

ALTER TABLE ONLY public.django_content_type
    ADD CONSTRAINT django_content_type_pkey PRIMARY KEY (id);


--
-- TOC entry 4772 (class 2606 OID 16860)
-- Name: django_migrations django_migrations_pkey; Type: CONSTRAINT; Schema: public; Owner: postgres
--

ALTER TABLE ONLY public.django_migrations
    ADD CONSTRAINT django_migrations_pkey PRIMARY KEY (id);


--
-- TOC entry 4816 (class 2606 OID 16996)
-- Name: django_session django_session_pkey; Type: CONSTRAINT; Schema: public; Owner: postgres
--

ALTER TABLE ONLY public.django_session
    ADD CONSTRAINT django_session_pkey PRIMARY KEY (session_key);


--
-- TOC entry 4820 (class 2606 OID 17007)
-- Name: graficacion_applicant graficacion_applicant_email_key; Type: CONSTRAINT; Schema: public; Owner: postgres
--

ALTER TABLE ONLY public.graficacion_applicant
    ADD CONSTRAINT graficacion_applicant_email_key UNIQUE (email);


--
-- TOC entry 4822 (class 2606 OID 17005)
-- Name: graficacion_applicant graficacion_applicant_pkey; Type: CONSTRAINT; Schema: public; Owner: postgres
--

ALTER TABLE ONLY public.graficacion_applicant
    ADD CONSTRAINT graficacion_applicant_pkey PRIMARY KEY (applicant_id);


--
-- TOC entry 4851 (class 2606 OID 17051)
-- Name: graficacion_applicantexperience graficacion_applicantexperience_pkey; Type: CONSTRAINT; Schema: public; Owner: postgres
--

ALTER TABLE ONLY public.graficacion_applicantexperience
    ADD CONSTRAINT graficacion_applicantexperience_pkey PRIMARY KEY (applicant_experience_id);


--
-- TOC entry 4845 (class 2606 OID 17045)
-- Name: graficacion_applicantskill graficacion_applicantskill_pkey; Type: CONSTRAINT; Schema: public; Owner: postgres
--

ALTER TABLE ONLY public.graficacion_applicantskill
    ADD CONSTRAINT graficacion_applicantskill_pkey PRIMARY KEY (applicant_skill_id);


--
-- TOC entry 4825 (class 2606 OID 17015)
-- Name: graficacion_company graficacion_company_company_name_key; Type: CONSTRAINT; Schema: public; Owner: postgres
--

ALTER TABLE ONLY public.graficacion_company
    ADD CONSTRAINT graficacion_company_company_name_key UNIQUE (company_name);


--
-- TOC entry 4827 (class 2606 OID 17013)
-- Name: graficacion_company graficacion_company_pkey; Type: CONSTRAINT; Schema: public; Owner: postgres
--

ALTER TABLE ONLY public.graficacion_company
    ADD CONSTRAINT graficacion_company_pkey PRIMARY KEY (company_id);


--
-- TOC entry 4830 (class 2606 OID 17023)
-- Name: graficacion_experiencefield graficacion_experiencefield_field_name_key; Type: CONSTRAINT; Schema: public; Owner: postgres
--

ALTER TABLE ONLY public.graficacion_experiencefield
    ADD CONSTRAINT graficacion_experiencefield_field_name_key UNIQUE (field_name);


--
-- TOC entry 4832 (class 2606 OID 17021)
-- Name: graficacion_experiencefield graficacion_experiencefield_pkey; Type: CONSTRAINT; Schema: public; Owner: postgres
--

ALTER TABLE ONLY public.graficacion_experiencefield
    ADD CONSTRAINT graficacion_experiencefield_pkey PRIMARY KEY (experience_field_id);


--
-- TOC entry 4834 (class 2606 OID 17029)
-- Name: graficacion_position graficacion_position_pkey; Type: CONSTRAINT; Schema: public; Owner: postgres
--

ALTER TABLE ONLY public.graficacion_position
    ADD CONSTRAINT graficacion_position_pkey PRIMARY KEY (position_id);


--
-- TOC entry 4837 (class 2606 OID 17031)
-- Name: graficacion_position graficacion_position_position_name_key; Type: CONSTRAINT; Schema: public; Owner: postgres
--

ALTER TABLE ONLY public.graficacion_position
    ADD CONSTRAINT graficacion_position_position_name_key UNIQUE (position_name);


--
-- TOC entry 4839 (class 2606 OID 17037)
-- Name: graficacion_skill graficacion_skill_pkey; Type: CONSTRAINT; Schema: public; Owner: postgres
--

ALTER TABLE ONLY public.graficacion_skill
    ADD CONSTRAINT graficacion_skill_pkey PRIMARY KEY (skill_id);


--
-- TOC entry 4842 (class 2606 OID 17039)
-- Name: graficacion_skill graficacion_skill_skill_name_key; Type: CONSTRAINT; Schema: public; Owner: postgres
--

ALTER TABLE ONLY public.graficacion_skill
    ADD CONSTRAINT graficacion_skill_skill_name_key UNIQUE (skill_name);


--
-- TOC entry 4782 (class 1259 OID 16989)
-- Name: auth_group_name_a6ea08ec_like; Type: INDEX; Schema: public; Owner: postgres
--

CREATE INDEX auth_group_name_a6ea08ec_like ON public.auth_group USING btree (name varchar_pattern_ops);


--
-- TOC entry 4787 (class 1259 OID 16930)
-- Name: auth_group_permissions_group_id_b120cbf9; Type: INDEX; Schema: public; Owner: postgres
--

CREATE INDEX auth_group_permissions_group_id_b120cbf9 ON public.auth_group_permissions USING btree (group_id);


--
-- TOC entry 4790 (class 1259 OID 16931)
-- Name: auth_group_permissions_permission_id_84c5c92e; Type: INDEX; Schema: public; Owner: postgres
--

CREATE INDEX auth_group_permissions_permission_id_84c5c92e ON public.auth_group_permissions USING btree (permission_id);


--
-- TOC entry 4777 (class 1259 OID 16916)
-- Name: auth_permission_content_type_id_2f476e4b; Type: INDEX; Schema: public; Owner: postgres
--

CREATE INDEX auth_permission_content_type_id_2f476e4b ON public.auth_permission USING btree (content_type_id);


--
-- TOC entry 4798 (class 1259 OID 16946)
-- Name: auth_user_groups_group_id_97559544; Type: INDEX; Schema: public; Owner: postgres
--

CREATE INDEX auth_user_groups_group_id_97559544 ON public.auth_user_groups USING btree (group_id);


--
-- TOC entry 4801 (class 1259 OID 16945)
-- Name: auth_user_groups_user_id_6a12ed8b; Type: INDEX; Schema: public; Owner: postgres
--

CREATE INDEX auth_user_groups_user_id_6a12ed8b ON public.auth_user_groups USING btree (user_id);


--
-- TOC entry 4804 (class 1259 OID 16960)
-- Name: auth_user_user_permissions_permission_id_1fbb5f2c; Type: INDEX; Schema: public; Owner: postgres
--

CREATE INDEX auth_user_user_permissions_permission_id_1fbb5f2c ON public.auth_user_user_permissions USING btree (permission_id);


--
-- TOC entry 4807 (class 1259 OID 16959)
-- Name: auth_user_user_permissions_user_id_a95ead1b; Type: INDEX; Schema: public; Owner: postgres
--

CREATE INDEX auth_user_user_permissions_user_id_a95ead1b ON public.auth_user_user_permissions USING btree (user_id);


--
-- TOC entry 4795 (class 1259 OID 16984)
-- Name: auth_user_username_6821ab7c_like; Type: INDEX; Schema: public; Owner: postgres
--

CREATE INDEX auth_user_username_6821ab7c_like ON public.auth_user USING btree (username varchar_pattern_ops);


--
-- TOC entry 4810 (class 1259 OID 16980)
-- Name: django_admin_log_content_type_id_c4bce8eb; Type: INDEX; Schema: public; Owner: postgres
--

CREATE INDEX django_admin_log_content_type_id_c4bce8eb ON public.django_admin_log USING btree (content_type_id);


--
-- TOC entry 4813 (class 1259 OID 16981)
-- Name: django_admin_log_user_id_c564eba6; Type: INDEX; Schema: public; Owner: postgres
--

CREATE INDEX django_admin_log_user_id_c564eba6 ON public.django_admin_log USING btree (user_id);


--
-- TOC entry 4814 (class 1259 OID 16998)
-- Name: django_session_expire_date_a5c62663; Type: INDEX; Schema: public; Owner: postgres
--

CREATE INDEX django_session_expire_date_a5c62663 ON public.django_session USING btree (expire_date);


--
-- TOC entry 4817 (class 1259 OID 16997)
-- Name: django_session_session_key_c0390e0f_like; Type: INDEX; Schema: public; Owner: postgres
--

CREATE INDEX django_session_session_key_c0390e0f_like ON public.django_session USING btree (session_key varchar_pattern_ops);


--
-- TOC entry 4818 (class 1259 OID 17052)
-- Name: graficacion_applicant_email_ec50bc33_like; Type: INDEX; Schema: public; Owner: postgres
--

CREATE INDEX graficacion_applicant_email_ec50bc33_like ON public.graficacion_applicant USING btree (email varchar_pattern_ops);


--
-- TOC entry 4847 (class 1259 OID 17089)
-- Name: graficacion_applicantexperience_applicant_id_3551fdd4; Type: INDEX; Schema: public; Owner: postgres
--

CREATE INDEX graficacion_applicantexperience_applicant_id_3551fdd4 ON public.graficacion_applicantexperience USING btree (applicant_id);


--
-- TOC entry 4848 (class 1259 OID 17090)
-- Name: graficacion_applicantexperience_company_id_82382094; Type: INDEX; Schema: public; Owner: postgres
--

CREATE INDEX graficacion_applicantexperience_company_id_82382094 ON public.graficacion_applicantexperience USING btree (company_id);


--
-- TOC entry 4849 (class 1259 OID 17091)
-- Name: graficacion_applicantexperience_experience_field_id_81d0e237; Type: INDEX; Schema: public; Owner: postgres
--

CREATE INDEX graficacion_applicantexperience_experience_field_id_81d0e237 ON public.graficacion_applicantexperience USING btree (experience_field_id);


--
-- TOC entry 4852 (class 1259 OID 17092)
-- Name: graficacion_applicantexperience_position_id_e465d41d; Type: INDEX; Schema: public; Owner: postgres
--

CREATE INDEX graficacion_applicantexperience_position_id_e465d41d ON public.graficacion_applicantexperience USING btree (position_id);


--
-- TOC entry 4843 (class 1259 OID 17067)
-- Name: graficacion_applicantskill_applicant_id_a0640bcd; Type: INDEX; Schema: public; Owner: postgres
--

CREATE INDEX graficacion_applicantskill_applicant_id_a0640bcd ON public.graficacion_applicantskill USING btree (applicant_id);


--
-- TOC entry 4846 (class 1259 OID 17068)
-- Name: graficacion_applicantskill_skill_id_7be9f21d; Type: INDEX; Schema: public; Owner: postgres
--

CREATE INDEX graficacion_applicantskill_skill_id_7be9f21d ON public.graficacion_applicantskill USING btree (skill_id);


--
-- TOC entry 4823 (class 1259 OID 17053)
-- Name: graficacion_company_company_name_cb72cc77_like; Type: INDEX; Schema: public; Owner: postgres
--

CREATE INDEX graficacion_company_company_name_cb72cc77_like ON public.graficacion_company USING btree (company_name varchar_pattern_ops);


--
-- TOC entry 4828 (class 1259 OID 17054)
-- Name: graficacion_experiencefield_field_name_b6b21041_like; Type: INDEX; Schema: public; Owner: postgres
--

CREATE INDEX graficacion_experiencefield_field_name_b6b21041_like ON public.graficacion_experiencefield USING btree (field_name varchar_pattern_ops);


--
-- TOC entry 4835 (class 1259 OID 17055)
-- Name: graficacion_position_position_name_2ccd8060_like; Type: INDEX; Schema: public; Owner: postgres
--

CREATE INDEX graficacion_position_position_name_2ccd8060_like ON public.graficacion_position USING btree (position_name varchar_pattern_ops);


--
-- TOC entry 4840 (class 1259 OID 17056)
-- Name: graficacion_skill_skill_name_ff1954c6_like; Type: INDEX; Schema: public; Owner: postgres
--

CREATE INDEX graficacion_skill_skill_name_ff1954c6_like ON public.graficacion_skill USING btree (skill_name varchar_pattern_ops);


--
-- TOC entry 4853 (class 2606 OID 16807)
-- Name: ApplicantSkills applicant_id; Type: FK CONSTRAINT; Schema: public; Owner: postgres
--

ALTER TABLE ONLY public."ApplicantSkills"
    ADD CONSTRAINT applicant_id FOREIGN KEY (applicant_id) REFERENCES public."Aplicants"(applicant_id);


--
-- TOC entry 4855 (class 2606 OID 16833)
-- Name: ApplicantExperience applicant_id; Type: FK CONSTRAINT; Schema: public; Owner: postgres
--

ALTER TABLE ONLY public."ApplicantExperience"
    ADD CONSTRAINT applicant_id FOREIGN KEY (applicant_id) REFERENCES public."Aplicants"(applicant_id);


--
-- TOC entry 4860 (class 2606 OID 16925)
-- Name: auth_group_permissions auth_group_permissio_permission_id_84c5c92e_fk_auth_perm; Type: FK CONSTRAINT; Schema: public; Owner: postgres
--

ALTER TABLE ONLY public.auth_group_permissions
    ADD CONSTRAINT auth_group_permissio_permission_id_84c5c92e_fk_auth_perm FOREIGN KEY (permission_id) REFERENCES public.auth_permission(id) DEFERRABLE INITIALLY DEFERRED;


--
-- TOC entry 4861 (class 2606 OID 16920)
-- Name: auth_group_permissions auth_group_permissions_group_id_b120cbf9_fk_auth_group_id; Type: FK CONSTRAINT; Schema: public; Owner: postgres
--

ALTER TABLE ONLY public.auth_group_permissions
    ADD CONSTRAINT auth_group_permissions_group_id_b120cbf9_fk_auth_group_id FOREIGN KEY (group_id) REFERENCES public.auth_group(id) DEFERRABLE INITIALLY DEFERRED;


--
-- TOC entry 4859 (class 2606 OID 16911)
-- Name: auth_permission auth_permission_content_type_id_2f476e4b_fk_django_co; Type: FK CONSTRAINT; Schema: public; Owner: postgres
--

ALTER TABLE ONLY public.auth_permission
    ADD CONSTRAINT auth_permission_content_type_id_2f476e4b_fk_django_co FOREIGN KEY (content_type_id) REFERENCES public.django_content_type(id) DEFERRABLE INITIALLY DEFERRED;


--
-- TOC entry 4862 (class 2606 OID 16940)
-- Name: auth_user_groups auth_user_groups_group_id_97559544_fk_auth_group_id; Type: FK CONSTRAINT; Schema: public; Owner: postgres
--

ALTER TABLE ONLY public.auth_user_groups
    ADD CONSTRAINT auth_user_groups_group_id_97559544_fk_auth_group_id FOREIGN KEY (group_id) REFERENCES public.auth_group(id) DEFERRABLE INITIALLY DEFERRED;


--
-- TOC entry 4863 (class 2606 OID 16935)
-- Name: auth_user_groups auth_user_groups_user_id_6a12ed8b_fk_auth_user_id; Type: FK CONSTRAINT; Schema: public; Owner: postgres
--

ALTER TABLE ONLY public.auth_user_groups
    ADD CONSTRAINT auth_user_groups_user_id_6a12ed8b_fk_auth_user_id FOREIGN KEY (user_id) REFERENCES public.auth_user(id) DEFERRABLE INITIALLY DEFERRED;


--
-- TOC entry 4864 (class 2606 OID 16954)
-- Name: auth_user_user_permissions auth_user_user_permi_permission_id_1fbb5f2c_fk_auth_perm; Type: FK CONSTRAINT; Schema: public; Owner: postgres
--

ALTER TABLE ONLY public.auth_user_user_permissions
    ADD CONSTRAINT auth_user_user_permi_permission_id_1fbb5f2c_fk_auth_perm FOREIGN KEY (permission_id) REFERENCES public.auth_permission(id) DEFERRABLE INITIALLY DEFERRED;


--
-- TOC entry 4865 (class 2606 OID 16949)
-- Name: auth_user_user_permissions auth_user_user_permissions_user_id_a95ead1b_fk_auth_user_id; Type: FK CONSTRAINT; Schema: public; Owner: postgres
--

ALTER TABLE ONLY public.auth_user_user_permissions
    ADD CONSTRAINT auth_user_user_permissions_user_id_a95ead1b_fk_auth_user_id FOREIGN KEY (user_id) REFERENCES public.auth_user(id) DEFERRABLE INITIALLY DEFERRED;


--
-- TOC entry 4856 (class 2606 OID 16843)
-- Name: ApplicantExperience company_id; Type: FK CONSTRAINT; Schema: public; Owner: postgres
--

ALTER TABLE ONLY public."ApplicantExperience"
    ADD CONSTRAINT company_id FOREIGN KEY (company_id) REFERENCES public."Companies"(company_id);


--
-- TOC entry 4866 (class 2606 OID 16970)
-- Name: django_admin_log django_admin_log_content_type_id_c4bce8eb_fk_django_co; Type: FK CONSTRAINT; Schema: public; Owner: postgres
--

ALTER TABLE ONLY public.django_admin_log
    ADD CONSTRAINT django_admin_log_content_type_id_c4bce8eb_fk_django_co FOREIGN KEY (content_type_id) REFERENCES public.django_content_type(id) DEFERRABLE INITIALLY DEFERRED;


--
-- TOC entry 4867 (class 2606 OID 16975)
-- Name: django_admin_log django_admin_log_user_id_c564eba6_fk_auth_user_id; Type: FK CONSTRAINT; Schema: public; Owner: postgres
--

ALTER TABLE ONLY public.django_admin_log
    ADD CONSTRAINT django_admin_log_user_id_c564eba6_fk_auth_user_id FOREIGN KEY (user_id) REFERENCES public.auth_user(id) DEFERRABLE INITIALLY DEFERRED;


--
-- TOC entry 4857 (class 2606 OID 16838)
-- Name: ApplicantExperience experience_field_id; Type: FK CONSTRAINT; Schema: public; Owner: postgres
--

ALTER TABLE ONLY public."ApplicantExperience"
    ADD CONSTRAINT experience_field_id FOREIGN KEY (experience_field_id) REFERENCES public."ExperienceFields"(experience_field_id);


--
-- TOC entry 4870 (class 2606 OID 17069)
-- Name: graficacion_applicantexperience graficacion_applican_applicant_id_3551fdd4_fk_graficaci; Type: FK CONSTRAINT; Schema: public; Owner: postgres
--

ALTER TABLE ONLY public.graficacion_applicantexperience
    ADD CONSTRAINT graficacion_applican_applicant_id_3551fdd4_fk_graficaci FOREIGN KEY (applicant_id) REFERENCES public.graficacion_applicant(applicant_id) DEFERRABLE INITIALLY DEFERRED;


--
-- TOC entry 4868 (class 2606 OID 17057)
-- Name: graficacion_applicantskill graficacion_applican_applicant_id_a0640bcd_fk_graficaci; Type: FK CONSTRAINT; Schema: public; Owner: postgres
--

ALTER TABLE ONLY public.graficacion_applicantskill
    ADD CONSTRAINT graficacion_applican_applicant_id_a0640bcd_fk_graficaci FOREIGN KEY (applicant_id) REFERENCES public.graficacion_applicant(applicant_id) DEFERRABLE INITIALLY DEFERRED;


--
-- TOC entry 4871 (class 2606 OID 17074)
-- Name: graficacion_applicantexperience graficacion_applican_company_id_82382094_fk_graficaci; Type: FK CONSTRAINT; Schema: public; Owner: postgres
--

ALTER TABLE ONLY public.graficacion_applicantexperience
    ADD CONSTRAINT graficacion_applican_company_id_82382094_fk_graficaci FOREIGN KEY (company_id) REFERENCES public.graficacion_company(company_id) DEFERRABLE INITIALLY DEFERRED;


--
-- TOC entry 4872 (class 2606 OID 17079)
-- Name: graficacion_applicantexperience graficacion_applican_experience_field_id_81d0e237_fk_graficaci; Type: FK CONSTRAINT; Schema: public; Owner: postgres
--

ALTER TABLE ONLY public.graficacion_applicantexperience
    ADD CONSTRAINT graficacion_applican_experience_field_id_81d0e237_fk_graficaci FOREIGN KEY (experience_field_id) REFERENCES public.graficacion_experiencefield(experience_field_id) DEFERRABLE INITIALLY DEFERRED;


--
-- TOC entry 4873 (class 2606 OID 17084)
-- Name: graficacion_applicantexperience graficacion_applican_position_id_e465d41d_fk_graficaci; Type: FK CONSTRAINT; Schema: public; Owner: postgres
--

ALTER TABLE ONLY public.graficacion_applicantexperience
    ADD CONSTRAINT graficacion_applican_position_id_e465d41d_fk_graficaci FOREIGN KEY (position_id) REFERENCES public.graficacion_position(position_id) DEFERRABLE INITIALLY DEFERRED;


--
-- TOC entry 4869 (class 2606 OID 17062)
-- Name: graficacion_applicantskill graficacion_applican_skill_id_7be9f21d_fk_graficaci; Type: FK CONSTRAINT; Schema: public; Owner: postgres
--

ALTER TABLE ONLY public.graficacion_applicantskill
    ADD CONSTRAINT graficacion_applican_skill_id_7be9f21d_fk_graficaci FOREIGN KEY (skill_id) REFERENCES public.graficacion_skill(skill_id) DEFERRABLE INITIALLY DEFERRED;


--
-- TOC entry 4858 (class 2606 OID 16848)
-- Name: ApplicantExperience position_id; Type: FK CONSTRAINT; Schema: public; Owner: postgres
--

ALTER TABLE ONLY public."ApplicantExperience"
    ADD CONSTRAINT position_id FOREIGN KEY (position_id) REFERENCES public."Positions"(position_id);


--
-- TOC entry 4854 (class 2606 OID 16812)
-- Name: ApplicantSkills skills_id; Type: FK CONSTRAINT; Schema: public; Owner: postgres
--

ALTER TABLE ONLY public."ApplicantSkills"
    ADD CONSTRAINT skills_id FOREIGN KEY (skill_id) REFERENCES public."Skills"(skill_id);


--
-- TOC entry 5069 (class 0 OID 0)
-- Dependencies: 216
-- Name: TABLE "Aplicants"; Type: ACL; Schema: public; Owner: postgres
--

GRANT ALL ON TABLE public."Aplicants" TO persona1;


--
-- TOC entry 5071 (class 0 OID 0)
-- Dependencies: 228
-- Name: TABLE "ApplicantExperience"; Type: ACL; Schema: public; Owner: postgres
--

GRANT ALL ON TABLE public."ApplicantExperience" TO persona1;


--
-- TOC entry 5073 (class 0 OID 0)
-- Dependencies: 224
-- Name: TABLE "ApplicantSkills"; Type: ACL; Schema: public; Owner: postgres
--

GRANT ALL ON TABLE public."ApplicantSkills" TO persona1;


--
-- TOC entry 5074 (class 0 OID 0)
-- Dependencies: 222
-- Name: TABLE "Companies"; Type: ACL; Schema: public; Owner: postgres
--

GRANT ALL ON TABLE public."Companies" TO persona1;


--
-- TOC entry 5076 (class 0 OID 0)
-- Dependencies: 220
-- Name: TABLE "ExperienceFields"; Type: ACL; Schema: public; Owner: postgres
--

GRANT ALL ON TABLE public."ExperienceFields" TO persona1;


--
-- TOC entry 5078 (class 0 OID 0)
-- Dependencies: 226
-- Name: TABLE "Positions"; Type: ACL; Schema: public; Owner: postgres
--

GRANT ALL ON TABLE public."Positions" TO persona1;


--
-- TOC entry 5081 (class 0 OID 0)
-- Dependencies: 218
-- Name: TABLE "Skills"; Type: ACL; Schema: public; Owner: postgres
--

GRANT ALL ON TABLE public."Skills" TO persona1;


--
-- TOC entry 5083 (class 0 OID 0)
-- Dependencies: 236
-- Name: TABLE auth_group; Type: ACL; Schema: public; Owner: postgres
--

GRANT ALL ON TABLE public.auth_group TO persona1;


--
-- TOC entry 5084 (class 0 OID 0)
-- Dependencies: 238
-- Name: TABLE auth_group_permissions; Type: ACL; Schema: public; Owner: postgres
--

GRANT ALL ON TABLE public.auth_group_permissions TO persona1;


--
-- TOC entry 5085 (class 0 OID 0)
-- Dependencies: 234
-- Name: TABLE auth_permission; Type: ACL; Schema: public; Owner: postgres
--

GRANT ALL ON TABLE public.auth_permission TO persona1;


--
-- TOC entry 5086 (class 0 OID 0)
-- Dependencies: 240
-- Name: TABLE auth_user; Type: ACL; Schema: public; Owner: postgres
--

GRANT ALL ON TABLE public.auth_user TO persona1;


--
-- TOC entry 5087 (class 0 OID 0)
-- Dependencies: 242
-- Name: TABLE auth_user_groups; Type: ACL; Schema: public; Owner: postgres
--

GRANT ALL ON TABLE public.auth_user_groups TO persona1;


--
-- TOC entry 5088 (class 0 OID 0)
-- Dependencies: 244
-- Name: TABLE auth_user_user_permissions; Type: ACL; Schema: public; Owner: postgres
--

GRANT ALL ON TABLE public.auth_user_user_permissions TO persona1;


--
-- TOC entry 5089 (class 0 OID 0)
-- Dependencies: 246
-- Name: TABLE django_admin_log; Type: ACL; Schema: public; Owner: postgres
--

GRANT ALL ON TABLE public.django_admin_log TO persona1;


--
-- TOC entry 5090 (class 0 OID 0)
-- Dependencies: 232
-- Name: TABLE django_content_type; Type: ACL; Schema: public; Owner: postgres
--

GRANT ALL ON TABLE public.django_content_type TO persona1;


--
-- TOC entry 5091 (class 0 OID 0)
-- Dependencies: 230
-- Name: TABLE django_migrations; Type: ACL; Schema: public; Owner: postgres
--

GRANT ALL ON TABLE public.django_migrations TO persona1;


--
-- TOC entry 5092 (class 0 OID 0)
-- Dependencies: 247
-- Name: TABLE django_session; Type: ACL; Schema: public; Owner: postgres
--

GRANT ALL ON TABLE public.django_session TO persona1;


--
-- TOC entry 5093 (class 0 OID 0)
-- Dependencies: 249
-- Name: TABLE graficacion_applicant; Type: ACL; Schema: public; Owner: postgres
--

GRANT ALL ON TABLE public.graficacion_applicant TO persona1;


--
-- TOC entry 5094 (class 0 OID 0)
-- Dependencies: 261
-- Name: TABLE graficacion_applicantexperience; Type: ACL; Schema: public; Owner: postgres
--

GRANT ALL ON TABLE public.graficacion_applicantexperience TO persona1;


--
-- TOC entry 5095 (class 0 OID 0)
-- Dependencies: 259
-- Name: TABLE graficacion_applicantskill; Type: ACL; Schema: public; Owner: postgres
--

GRANT ALL ON TABLE public.graficacion_applicantskill TO persona1;


--
-- TOC entry 5096 (class 0 OID 0)
-- Dependencies: 251
-- Name: TABLE graficacion_company; Type: ACL; Schema: public; Owner: postgres
--

GRANT ALL ON TABLE public.graficacion_company TO persona1;


--
-- TOC entry 5097 (class 0 OID 0)
-- Dependencies: 253
-- Name: TABLE graficacion_experiencefield; Type: ACL; Schema: public; Owner: postgres
--

GRANT ALL ON TABLE public.graficacion_experiencefield TO persona1;


--
-- TOC entry 5098 (class 0 OID 0)
-- Dependencies: 255
-- Name: TABLE graficacion_position; Type: ACL; Schema: public; Owner: postgres
--

GRANT ALL ON TABLE public.graficacion_position TO persona1;


--
-- TOC entry 5099 (class 0 OID 0)
-- Dependencies: 257
-- Name: TABLE graficacion_skill; Type: ACL; Schema: public; Owner: postgres
--

GRANT ALL ON TABLE public.graficacion_skill TO persona1;


--
-- TOC entry 2152 (class 826 OID 16763)
-- Name: DEFAULT PRIVILEGES FOR TABLES; Type: DEFAULT ACL; Schema: -; Owner: postgres
--

ALTER DEFAULT PRIVILEGES FOR ROLE postgres GRANT ALL ON TABLES TO persona1;


-- Completed on 2024-05-19 19:47:55

--
-- PostgreSQL database dump complete
--

